[{"id":"6282279915237@s.whatsapp.net","name":"#GRKOWTK","seri":"d3gXjSpE68","premium":false},{"id":"15028786322@s.whatsapp.net","name":"#GRAgvJB","seri":"xRa7SYfgkJ","premium":false},{"id":"6281915061498@s.whatsapp.net","name":"#GR0GYtG","seri":"xhtDRuvTyn","premium":false},{"id":"6283834558105@s.whatsapp.net","name":"#GR00lZ9","seri":"QMckQ1wwLF","premium":false},{"id":"6283891031393@s.whatsapp.net","name":"#GRr8GTV","seri":"eDa0gyZhwy","premium":false},{"id":"6285299720048@s.whatsapp.net","name":"#GRkNDNX","seri":"4Oq2eOPPIs","premium":false},{"id":"6283116804585@s.whatsapp.net","name":"#GRMN0dW","seri":"CGyqz3Ao00","premium":false},{"id":"6288286511804@s.whatsapp.net","name":"#GRtaoho","seri":"rfbGXH5nSS","premium":false},{"id":"6281575812558@s.whatsapp.net","name":"#GRtlDu0","seri":"R4n1k2JT25","premium":false},{"id":"6283865845011@s.whatsapp.net","name":"#GRCplJ2","seri":"XqGRwftd4E","premium":false},{"id":"628388586130@s.whatsapp.net","name":"#GR0LGDV","seri":"g5NMYY06KZ","premium":true},{"id":"6287886803431@s.whatsapp.net","name":"#GRjGzq8","seri":"8qr7xwYOpp","premium":false},{"id":"6283843069409@s.whatsapp.net","name":"#GRLaBGg","seri":"eitoeg2W1l","premium":false},{"id":"6285862710154@s.whatsapp.net","name":"#GRhY3z3","seri":"NdDo2ef2a5","premium":false},{"id":"6289504243311@s.whatsapp.net","name":"#GRmBbUF","seri":"CQ2AnUeVti","premium":false},{"id":"6287852482480@s.whatsapp.net","name":"#GRGhiN1","seri":"6taavCyJq9","premium":false},{"id":"6283170521445@s.whatsapp.net","name":"#GR3ZuBV","seri":"FGDPjTuLJN","premium":false},{"id":"6285710080374@s.whatsapp.net","name":"#GR7XJf5","seri":"G4U3EQXDxs","premium":false},{"id":"6287776777182@s.whatsapp.net","name":"#GRkdop0","seri":"myoKLi0UfO","premium":false},{"id":"6283808373553@s.whatsapp.net","name":"#GRPuTXA","seri":"eRKy1eq2HW","premium":false},{"id":"6283871188590@s.whatsapp.net","name":"#GRnQAq5","seri":"NOSw54osLo","premium":false},{"id":"6287881049801@s.whatsapp.net","name":"#GRqiEbF","seri":"QP19o6qsWh","premium":false},{"id":"6288975852794@s.whatsapp.net","name":"#GRXpFHn","seri":"40Ze4QXCHt","premium":false},{"id":"6289527314299@s.whatsapp.net","name":"#GRVAEtX","seri":"FXlqQOGcEG","premium":false},{"id":"6281222541685@s.whatsapp.net","name":"#GRzxjcc","seri":"QK9IDZh8qr","premium":false},{"id":"6281460821961@s.whatsapp.net","name":"#GRMTNT2","seri":"36MitwZK0Q","premium":true}]